case,build,before_ms,after_ms,change_percent,first_run_change_percent,repeat_change_percent,before_allocations,after_allocations,before_alloc_bytes,after_alloc_bytes,before_steps,after_steps,before_tracked_peak_bytes,after_tracked_peak_bytes,before_tracked_retained_bytes,after_tracked_retained_bytes,before_peak_rss_bytes,after_peak_rss_bytes
json_api_parse_1m/metered,portable,8.498411475,6.727282300000001,-20.84070864549423,-22.516280340877692,-20.690508907243498,301404.0,147540.0,15244686.0,10096653.0,538646,538646,16008052,10860019,14956390,9808357,70352896.0,50364416.0
json_api_parse_1m/metered,simd,8.739588525,6.714836474999999,-23.167590146928585,-20.14908973102574,-25.224340419910074,301404.0,147540.0,15244686.0,10096653.0,538646,538646,16008052,10860019,14956390,9808357,69943296.0,50020352.0
json_api_parse_1m/unlimited,portable,9.2864375,6.7747458499999995,-27.046880464117706,-27.56225748712874,-23.61619902213905,301404.0,147540.0,15244686.0,10096653.0,538646,538646,16008052,10860019,14956390,9808357,70311936.0,49381376.0
json_api_parse_1m/unlimited,simd,8.764177075,6.8993927,-21.277347080530085,-22.611934416366985,-22.28037277415543,301404.0,147540.0,15244686.0,10096653.0,538646,538646,16008052,10860019,14956390,9808357,70205440.0,50061312.0
json_api_shape_1m/metered,portable,10.232429175,8.18616355,-19.99784792060386,-23.79353778722656,-19.268905696930418,301405.0,147541.0,15244742.0,10096709.0,1102934,1102934,16009664,10861631,14956390,9808357,70696960.0,50462720.0
json_api_shape_1m/metered,simd,10.15784165,8.22876355,-18.99102355075598,-21.7171837950909,-20.22957253823656,301405.0,147541.0,15244742.0,10096709.0,1102934,1102934,16009664,10861631,14956390,9808357,65396736.0,50405376.0
json_api_shape_1m/unlimited,portable,10.113131274999999,8.140657299999999,-19.50408752110261,-19.72832440543062,-20.100945343357445,301405.0,147541.0,15244742.0,10096709.0,1102934,1102934,16009664,10861631,14956390,9808357,70746112.0,49684480.0
json_api_shape_1m/unlimited,simd,10.144782300000001,7.9011416500000005,-22.116203025864834,-21.938730998476107,-23.925847953981126,301405.0,147541.0,15244742.0,10096709.0,1102934,1102934,16009664,10861631,14956390,9808357,70516736.0,50397184.0
json_api_array_1m/metered,portable,10.484929150000001,7.96450625,-24.03853057986568,-23.245020449184437,-24.91536255732426,301394.0,147530.0,15244064.0,10096031.0,1102906,1102906,16008647,10860614,14955712,9807679,70574080.0,49659904.0
json_api_array_1m/metered,simd,10.383058324999999,7.932969775,-23.596983406139138,-24.51020052588366,-23.97211348612933,301394.0,147530.0,15244064.0,10096031.0,1102906,1102906,16008647,10860614,14955712,9807679,67788800.0,50364416.0
json_api_array_1m/unlimited,portable,10.128921875,7.914790625,-21.859495781726523,-25.515154799746455,-21.377153895962607,301394.0,147530.0,15244064.0,10096031.0,1102906,1102906,16008647,10860614,14955712,9807679,70590464.0,50429952.0
json_api_array_1m/unlimited,simd,10.17955,8.0030448,-21.38115339086699,-21.463174542728293,-22.214219080974516,301394.0,147530.0,15244064.0,10096031.0,1102906,1102906,16008647,10860614,14955712,9807679,70262784.0,50323456.0
json_api_project_1m/metered,portable,13.11716875,10.805085425000001,-17.626390031766558,-19.117452435091575,-17.46451573248229,309996.0,156132.0,17187072.0,12039039.0,1474805,1474805,17554938,12406905,262240,262240,29532160.0,22904832.0
json_api_project_1m/metered,simd,13.083151050000001,10.862710425000001,-16.97175715937331,-15.385972643510382,-20.10818548317399,309996.0,156132.0,17187072.0,12039039.0,1474805,1474805,17554938,12406905,262240,262240,29483008.0,22855680.0
json_api_project_1m/unlimited,portable,13.217778125,10.689071875,-19.13109923684697,-19.987347829439983,-18.53182427248975,309996.0,156132.0,17187072.0,12039039.0,1474805,1474805,17554938,12406905,262240,262240,29507584.0,22937600.0
json_api_project_1m/unlimited,simd,13.6883,10.5384146,-23.01151640452065,-23.183309172647615,-20.846805925580657,309996.0,156132.0,17187072.0,12039039.0,1474805,1474805,17554938,12406905,262240,262240,29466624.0,22765568.0
json_api_stringify_1m/metered,portable,8.2537323,8.15744895,-1.1665431649630853,-0.87682626580462,-1.0399015436998615,121872.0,121872.0,10769984.0,10769984.0,1032405,1032405,14245908,14245908,1048672,1048672,52174848.0,45563904.0
json_api_stringify_1m/metered,simd,8.108601025,8.154191675,0.5622505023916702,1.3295826360683938,-0.37529686856798694,121872.0,121872.0,10769984.0,10769984.0,1032405,1032405,14245908,14245908,1048672,1048672,52191232.0,45498368.0
json_api_stringify_1m/unlimited,portable,8.114442725,8.126736450000001,0.15150424270202745,1.0985958509992955,0.17275592080021607,121872.0,121872.0,10769984.0,10769984.0,1032405,1032405,14245908,14245908,1048672,1048672,52142080.0,45572096.0
json_api_stringify_1m/unlimited,simd,8.070678125,8.28886355,2.7034336101713796,4.277223497140636,0.2846459477489516,121872.0,121872.0,10769984.0,10769984.0,1032405,1032405,14245908,14245908,1048672,1048672,52224000.0,45481984.0
